id_x,Date,comments_x,like_x,id_y,comments_y,like_y
2475160258653247380_511025224,2020-12-29,40,1530,2475160258653247380_511025224,40,1530
2520078885600820555_511025224,2021-03-01,35,1431,2520078885600820555_511025224,35,1431
2531015652860267221_2880825233,2021-03-16,5,576,2531015652860267221_2880825233,5,576
2666415027763135743_34958049087,2021-09-19,33,549,2666415027763135743_34958049087,33,549
2720037444935487433_1410854145,2021-12-02,82,7678,2720037444935487433_1410854145,82,7678
2763580941858381229_8469387633,2022-01-31,23,699,2763580941858381229_8469387633,23,699
2796904871087591250_272478054,2022-03-18,34,537,2796904871087591250_272478054,34,537
2853568061266473165_459676073,2022-06-04,19,1658,2853568061266473165_459676073,19,1658
2924484540417913029_509444565,2022-09-10,5,67,2924484540417913029_509444565,5,67
2940193237047898113_4188712416,2022-10-02,23,1185,2940193237047898113_4188712416,23,1185
2988932849907750726_2130835998,2022-12-08,137,4112,2988932849907750726_2130835998,137,4112
2996715004254043713_219296816,2022-12-19,14,145,2996715004254043713_219296816,14,145
2998979626398988015_2130835998,2022-12-22,248,5100,2998979626398988015_2130835998,248,5100
3026771027250125011_1447840445,2023-01-29,41,6617,3026771027250125011_1447840445,41,6617
3070005843659775709_6103642002,2023-03-30,0,55,3070005843659775709_6103642002,0,55
3073112596415908435_4049346181,2023-04-03,0,9,3073112596415908435_4049346181,0,9
3078882406577413518_2130835998,2023-04-11,36,2237,3078882406577413518_2130835998,36,2237
3099179963732266515_2893898137,2023-05-09,9,409,3099179963732266515_2893898137,9,409
3105746862249956472_32813225976,2023-05-18,5,3,3105746862249956472_32813225976,5,3
3215628758487543652_2130835998,2023-10-17,161,5733,3215628758487543652_2130835998,161,5733
3223104973777065428_32813225976,2023-10-27,48,8894,3223104973777065428_32813225976,48,8894
3241998370435370956_784455973,2023-11-22,22,3,3241998370435370956_784455973,22,3
3256578231078105573_3603517213,2023-12-12,0,23,3256578231078105573_3603517213,0,23
3287375134196450476_49661680260,2024-01-24,11,14,3287375134196450476_49661680260,11,14
3337657802514304205_1637779467,2024-04-02,1,23,3337657802514304205_1637779467,1,23
3341977192899416975_9660099077,2024-04-08,4,9,3341977192899416975_9660099077,4,9
